Time,Height,HeightError,MaxWidth,MaxWidthError,VelocityInst,VelocityInstError,VelocityAvg,VelocityAvgError,AccelerationInst,AccelerationInstError,AccelerationAvg,AccelerationAvgError,rowPixel,colPixel
1,26.643179251389,104.98235829814,20.0785048352809,84.9287679293093,26.643179251389,104.98235829814,26.643179251389,104.98235829814,26.643179251389,104.98235829814,26.643179251389,104.98235829814,738,250
2,57.7832222999996,105.909234684497,120.226705406025,86.0966156432264,31.1400430486106,210.891592982637,28.8916111499998,52.9546173422484,4.49686379722152,105.909234684497,14.4458055749999,26.4773086711242,731,267
3,62.2368188886037,106.041801429719,145.164217815309,86.5329922405779,4.45359658860411,211.951036114215,20.7456062962012,35.3472671432395,-26.6864464600064,1.05944313157886,6.91520209873374,11.7824223810798,730,250.75
4,71.1478121388191,106.307052874568,160.305496170356,86.0884037017584,8.91099325021537,212.348854304287,17.7869530347048,26.5767632186421,4.45739666161126,0.397818190071575,4.44673825867619,6.64419080466052,728,247
5,97.9114514307651,107.103758652473,244.54714311599,88.2665020623278,26.763639291946,213.410811527042,19.582290286153,21.4207517304947,17.8526460417306,1.0619572227547,3.9164580572306,4.28415034609893,722,244
6,106.842980565257,107.369647293532,274.360494798443,88.5484276129062,8.93152913449217,214.473405946005,17.8071634275429,17.8949412155887,-17.8321101574538,1.06259441896361,2.96786057125715,2.98249020259811,720,246
7,115.779715967384,107.635697413932,304.91799772524,87.3621735341686,8.93673540212649,215.005344707464,16.539959423912,15.3765282019902,0.00520626763432119,0.531938761458377,2.36285134627314,2.19664688599861,718,247
8,124.721686679815,107.901909889663,304.91799772524,87.3621735341686,8.94197071243138,215.537607303594,15.5902108349769,13.4877387362078,0.00523531030489721,0.532262596130636,1.94877635437211,1.68596734202598,716,248
9,142.62145052028,108.434825420882,324.919931557778,87.3530186400181,17.8997638404646,216.336735310544,15.8468278355866,12.0483139356535,8.95779312803325,0.799128006950014,1.76075864839852,1.33870154840595,712,251
10,151.579302048873,108.701530238191,334.9214155121,87.3482229533057,8.95785152859344,217.136355659072,15.1579302048873,10.8701530238191,-8.94191231187119,0.799620348528038,1.51579302048873,1.08701530238191,710,248
11,160.542505689702,108.968400934498,334.9214155121,87.3482229533057,8.9632036408284,217.669931172689,14.5947732445183,9.90621826677254,0.00535211223495935,0.533575513616256,1.32679756768348,0.900565296979322,708,250
12,178.485086814098,109.502643509752,334.751202369243,87.6418999024919,17.9425811243964,218.47104444425,14.8737572345082,9.1252202924793,8.97937748356799,0.801113271560894,1.23947976954235,0.760435024373275,704,252
13,182.974123119358,109.636309214617,334.751202369243,87.6418999024919,4.48903630525956,219.138952724369,14.0749325476429,8.43356224727825,-13.4535448191368,0.667908280119264,1.08268711904945,0.648735557482942,703,253
14,196.449429555529,110.037560258214,334.751202369243,87.6418999024919,13.4753064361712,219.673869472831,14.0321021111092,7.85982573272959,8.98627013091163,0.534916748462706,1.00229300793637,0.561416123766399,700,257
15,214.435770625275,110.573158324194,329.83675046853,87.4974930659392,17.9863410697467,220.610718582408,14.295718041685,7.3715438882796,4.51103463357549,0.936849109576769,0.953047869445668,0.49143625921864,696,257
16,218.935820972091,110.707165136924,329.83675046853,87.4974930659392,4.50005034681567,221.280323461118,13.6834888107557,6.91919782105775,-13.486290722931,0.66960487870972,0.855218050672231,0.432449863816109,695,261
17,232.444347797136,111.109444885141,333.402350020789,89.9861139059353,13.5085268250446,221.816610022065,13.6731969292433,6.53584969912595,9.00847647822889,0.536286560947133,0.804305701720192,0.384461747007409,692,262
18,245.965516760244,111.512115967272,332.736431140375,91.1547850256308,13.5211689631085,222.621560852413,13.6647509311247,6.19511755373732,0.0126421380639385,0.804950830347707,0.759152829506926,0.344173197429851,689,267
19,259.49942902767,111.91518143798,333.235341225852,90.2784950561737,13.5339122674263,223.427297405251,13.6578646856669,5.89027270726209,0.0127433043178371,0.805736552838653,0.718834983456151,0.310014353013794,686,268
20,277.56464380921,112.453220858921,337.285132198883,91.8816805236822,18.0652147815392,224.3684022969,13.8782321904605,5.62266104294603,4.53130251411289,0.94110489164882,0.693911609523024,0.281133052147301,682,268
21,286.605889883421,112.722507818117,341.486678787681,93.1897870695153,9.04124607421136,225.175728677037,13.6478995182581,5.36773846752936,-9.02396870732787,0.807326380136828,0.649899977059912,0.255606593691874,680,273
22,295.652935463037,112.991974162884,350.699696452059,94.3474848134578,9.04704557961645,225.714481981,13.4387697937744,5.13599882558563,0.00579950540509344,0.53875330396329,0.610853172444292,0.233454492072074,678,275
23,313.764546711826,113.531448681608,355.554360422886,94.4901849091635,18.1116112487882,226.523422844492,13.6419368135576,4.93614994267863,9.06456566917177,0.808940863491898,0.593127687545984,0.214615214899071,674,277
24,322.829173345866,113.801458697357,359.880199110407,95.5029162335525,9.06462663404,227.332907378965,13.4512155560777,4.74172744572319,-9.04698461474823,0.809484534472745,0.560467314836572,0.197571976905133,672,280
25,340.97622158462,114.3420288629,379.241154064894,96.0720700730946,18.1470482387545,228.143487560257,13.6390488633848,4.57368115451601,9.08242160471445,0.810580181291698,0.545561954535392,0.18294724618064,668,284
26,350.058704587428,114.612590867983,383.704734201132,96.7929521391503,9.08248300280775,228.954619730883,13.4637963302857,4.40817657184548,-9.0645652359467,0.811132170626024,0.517838320395603,0.169545252763288,666,285
27,359.147201233146,114.883338728594,393.358931154761,97.0767792351678,9.08849664571858,229.495929596577,13.3017481938202,4.25493847142943,0.00601364291082973,0.541309865694302,0.492657340511861,0.157590313756645,664,288
28,368.241742404334,115.154273378095,412.641316751191,97.6436914600101,9.0945411711873,230.037612106689,13.1514908001548,4.11265262064623,0.0060445254687238,0.541682510111968,0.469696100005528,0.146880450737366,662,291
29,377.342359057762,115.425395752154,407.432750686771,98.0796458418728,9.10061665342801,230.579669130248,13.0118054847504,3.9801860604191,0.00607548224070342,0.542057023559437,0.448682947750014,0.137247795186866,660,294
30,386.449082224865,115.696706788768,411.851996802038,98.7980886530169,9.10672316710315,231.122102540922,12.8816360741622,3.85655689295893,0.00610651367514947,0.542433410673198,0.429387869138739,0.128551896431964,658,297
31,395.561943012199,115.96820742827,431.065834843643,99.3630456219571,9.11286078733428,231.664914217038,12.7600626778129,3.74090991704098,0.0061376202311294,0.542811676116571,0.411614925090738,0.120674513452935,656,308
32,404.680972601892,116.239898613351,420.663649746377,100.232460752893,9.11902958969313,232.208106041621,12.6462803938091,3.63249683166722,0.0061688023588431,0.543191824583232,0.395196262306535,0.113515525989601,654,311
33,413.806202252105,116.511781289062,440.451081484784,99.9330637016652,9.12522965021253,232.751679902413,12.5395818864274,3.53066003906248,0.00620006051940436,0.543573860791184,0.37998732989174,0.106989698153408,652,313
34,422.937663297493,116.783856402841,445.032314987513,100.361681214869,9.13146104538828,233.295637691903,12.4393430381616,3.43481930596592,0.006231395175746,0.543957789490378,0.365863030534164,0.101024097234292,650,299.5625
35,441.219405297652,117.328587746338,454.391226350919,100.930657516329,18.2817420001584,234.112444149179,12.60626872279,3.35224536418108,9.1502809547701,0.816806457276243,0.36017910636543,0.0957784389766024,646,289
36,459.526450827075,117.874100271495,458.526224286959,101.932676769759,18.3070455294237,235.202688017833,12.7646236340854,3.27428056309709,0.0253035292653294,1.09024386865394,0.354572878724595,0.0909522378638081,642,292
37,468.689541577875,118.147151871495,467.633667573016,102.786753041538,9.16309075079971,236.02125214299,12.6672849075101,3.19316626679715,-9.14395477862399,0.818564125156627,0.342359051554328,0.0863017909945176,640,295
38,487.035018069087,118.693850556471,474.387684317673,94.1301282946669,18.3454764912121,236.841002427966,12.8167110018181,3.12352238306504,9.18238574041243,0.81975028497618,0.337281868468897,0.08219795744908,636,297
39,505.406434169275,119.24134966396,479.215870440485,94.2720728724606,18.3714161001881,237.935200220431,12.9591393376737,3.05747050420409,0.0259396089759321,1.09419779246514,0.332285624042916,0.0783966795949768,632,297
40,523.804046557408,119.789656960216,498.506909626421,94.8392319622675,18.397612388133,239.031006624176,13.0951011639352,2.9947414240054,0.0261962879449129,1.09580640374452,0.32737752909838,0.074868535600135,628,300
41,533.012756928625,120.064116117192,503.816196987522,94.4001530755071,9.20871037121651,239.853773077408,13.0003111446006,2.92839307602907,-9.18890201691647,0.822766453232134,0.317080759624405,0.0714242213665627,626,302
42,542.228113219589,120.338780252156,518.775257729662,94.2441613499432,9.21535629096388,240.402896369347,12.910193171895,2.86520905362275,0.0066459197473705,0.549123291939623,0.307385551711785,0.0682192631814941,624,308
43,560.678893464655,120.888727387836,537.769456095254,95.1006101622507,18.4507802450667,241.227507639991,13.0390440340617,2.81136575320548,9.23542395410277,0.824611270644027,0.303233582187483,0.0653805989117555,620,309
44,579.156647939919,121.439506256943,547.380621662443,95.383209762478,18.4777544752642,242.328233644778,13.1626510895436,2.75998877856688,0.0269742301975384,1.10072600478702,0.299151161125991,0.0627270176947018,616,311
45,579.156647939919,121.439506256943,556.983294136859,95.665567131191,0,242.879012513885,12.8701477319982,2.69865569459873,-18.4777544752642,0.550778869106807,0.286003282933294,0.0599701265466384,616,313
46,597.661638647048,121.991124791275,566.303032701699,96.2374573339789,18.5049907071289,243.430631048217,12.9926443184141,2.65198097372336,18.5049907071289,0.551618534331965,0.282448789530741,0.0576517602983339,612,316
47,606.92442983736,122.267251423225,585.457877043009,96.800731906137,9.26279119031187,244.258376214499,12.9132857412204,2.60143088134521,-9.24219951681698,0.827745166282057,0.274750760451498,0.0553495932201108,610,318
48,616.194128958109,122.543590965241,595.022792598254,97.082012574193,9.26969912074856,244.810842388466,12.8373776866273,2.55299147844253,0.00690793043668236,0.55246617396665,0.267445368471401,0.0531873224675526,608,320
49,625.470769147583,122.820144420865,608.770099353713,98.081564391724,9.27664018947416,245.363735386106,12.7647095744405,2.50653355960949,0.00694106872560951,0.552892997640129,0.260504277029397,0.0511537461144793,606,325
50,634.754383631755,123.096912796362,618.30616643446,98.3620225878902,9.28361448417263,245.917057217227,12.6950876726351,2.46193825592723,0.00697429469846611,0.553321831120456,0.253901753452702,0.0492387651185447,604,337
51,653.342668829578,123.651098345767,637.059908104632,108.649329848823,18.5882851978222,246.748011142128,12.8106405652858,2.42453134011307,9.30467071364956,0.830953924901678,0.251189030691879,0.0475398301982955,600,347
52,662.647406438223,123.928517545979,646.865554050289,99.2020057402593,9.30473760864561,247.579615891745,12.7432193545812,2.38324072203805,-9.28354758917658,0.831604749616872,0.245061910665023,0.0458315523468856,598,349
53,671.959252132602,124.206155718707,655.804378918823,109.200911804889,9.31184569437846,248.134673264685,12.6784764553321,2.34351237205107,0.00710808573285249,0.555057372940155,0.239216536893059,0.0442172145670013,596,350
54,690.604402557955,124.76209306507,660.485861946066,109.338675365996,18.6451504253537,248.968248783776,12.7889704177399,2.31040913083462,9.33330473097521,0.833575519091028,0.236832785513702,0.0427853542747152,592,355
55,699.937774906179,125.040394287456,669.24553931844,110.18141640287,9.33337234822329,249.802487352526,12.7261413619305,2.27346171431739,-9.31177807713038,0.834238568749697,0.231384388398737,0.0413356675330434,590,355
56,709.278390575691,125.318918579895,664.275348217726,110.327415198764,9.34061566951277,250.359312867351,12.6656855459945,2.23783783178383,0.00724332128947935,0.55682551482505,0.226172956178473,0.0399613898532827,588,359
57,727.981488125776,125.8766405039,678.286779110396,110.739766172077,18.7030975500843,251.195559083794,12.7716050548382,2.20836211410351,9.36248188057152,0.836246216443442,0.224063246576108,0.038743194984272,584,363
58,737.344038362835,126.155840207189,682.348925530551,111.44343738789,9.36255023705917,252.032480711089,12.7128282476351,2.17510069322739,-9.34054731302513,0.836921627294032,0.219186693924743,0.0375017360901274,582,368
59,746.713968635243,126.435267124008,688.27141366846,101.608769349711,9.36993027240806,252.591107331196,12.6561689599194,2.14297062922047,0.00738003534888776,0.558626620107816,0.214511338303718,0.0363215360884825,580,373
60,756.091313356575,126.714922297531,700.983830816651,111.991901307986,9.37734472133207,253.150189421538,12.6015218892763,2.11191537162551,0.00741444892400978,0.559082090342145,0.210025364821271,0.0351985895270919,578,370
61,774.868384276449,127.274921602171,714.941244133437,112.40271541069,18.7770709198739,253.989843899702,12.7027603979746,2.08647412462575,9.39972619854188,0.839654478163084,0.208241973737288,0.0342044938463238,574,380
62,788.970907750515,127.695528056737,724.237313363269,112.676339096098,14.1025234740664,254.970449658907,12.7253372217825,2.05960529123769,-4.67454744580755,0.980605759205901,0.205247374544879,0.0332194401812531,571,381
63,803.090464861353,128.116658734556,738.491558595152,112.803904779737,14.1195571108374,255.812186791293,12.7474676962119,2.03359775769136,0.0170336367709751,0.841737132385106,0.202340757082729,0.0322793294871645,568,377
64,812.513024326575,128.397705521608,743.133426759349,112.94054124678,9.42255946522255,256.514364256163,12.6955160051027,2.00621414877512,-4.69699764561483,0.702177464870829,0.19836743757973,0.0313470960746112,566,378.416666666667
65,821.943241830062,128.678987951271,747.120533457989,113.641796038216,9.43021750348635,257.076693472879,12.6452806435394,1.97967673771186,0.00765803826379852,0.562329216715398,0.194542779131376,0.0304565651955672,564,383
66,840.826791811774,129.242264010706,756.388565502279,113.914622416978,18.8835499817119,257.921251961977,12.739799875936,1.95821612137433,9.45333247822555,0.844558489098517,0.193027270847515,0.0296699412329445,560,378
67,850.280194969549,129.524259784363,769.943583430607,114.605401629383,9.45340315777548,258.766523795069,12.69074917865,1.9331979072293,-9.43014682393641,0.845271833092056,0.189414166845522,0.0288537001079,558,381
68,869.210435072578,130.088972202711,773.898822236929,115.304908427467,18.9302401030291,259.613231987074,12.7825063981261,1.9130731206281,9.47683694525358,0.846708192004598,0.187978035266561,0.0281334282445309,554,382
69,878.687343303627,130.371691010115,773.232515073789,115.867798258269,9.47690823104904,260.460663212825,12.7345991783134,1.88944479724804,-9.45333187198003,0.847431225751507,0.184559408381354,0.027383257931131,552,384
70,897.664915107127,130.937859252012,772.569184794511,116.430216825878,18.9775718035003,261.309550262127,12.8237845015304,1.87054084645731,9.50066357245123,0.848887049301084,0.183196921450434,0.0267220120922473,548,383
71,907.16565058212,131.22131086837,766.970471403506,117.137255607048,9.50073547499233,262.159170120381,12.7769809941144,1.84818747701929,-9.47683632850794,0.849619858254755,0.179957478790343,0.0260308095354829,546,387
72,926.191201216079,131.788954570823,766.643813618976,117.417986160737,19.025550633959,263.010265439193,12.8637666835566,1.83040214681699,9.5248151589667,0.851095318811531,0.178663426160509,0.0254222520391249,542,390
73,935.716088904998,132.073148858265,786.73840564354,116.556483291635,9.52488768891953,263.862103429088,12.818028615137,1.80922121723651,-9.50066294503949,0.851837989895557,0.175589433084068,0.0247838522909111,540,393
74,954.790271146228,132.64228783362,791.009671436689,116.973152952363,19.0741822412297,264.715436691885,12.9025712317058,1.79246334910297,9.54929455231013,0.853333262796696,0.174359070698727,0.0242224776905807,536,394
75,964.339638866733,132.927234742695,810.940706030682,120.172069149143,9.54936772050496,265.569522576315,12.8578618515564,1.77236312990261,-9.5248145207247,0.854085884430333,0.171438158020753,0.0236315083987014,534,396
76,973.897239945385,133.212434752382,820.105051604734,120.441949597752,9.55760107865171,266.139669495078,12.8144373677024,1.7527951941103,0.00823335814675374,0.570146918762475,0.168611017996085,0.023063094659346,532,399
77,993.037289702871,133.783598552841,819.081957674558,121.280055278629,19.1400497574868,266.996033305223,12.8965881779594,1.73744933185507,9.58244867883514,0.85636381014524,0.167488158155316,0.0225642770370789,528,404
78,1002.61981241803,134.069564591726,828.23030388838,121.549481572066,9.58252271516085,267.853163144567,12.8541001592055,1.7188405716888,-9.557527042326,0.85712983934377,0.164796155887251,0.0220364175857538,526,404
79,1021.81003943892,134.642270592769,845.814849980276,118.87771850423,19.1902270208889,268.711835184495,12.9343042966952,1.70433253914897,9.60770430572802,0.858672039928251,0.163725370844243,0.0215738296094807,522,407
80,1031.41781844515,134.929012823658,850.399441543985,119.01272739909,9.60777900622725,269.571283416427,12.8927227305644,1.68661266029573,-9.58244801466162,0.859448231931765,0.161159034132054,0.0210826582536966,520,408
81,1041.03409110227,135.216016059744,849.328490201153,119.852747792798,9.6162726571215,270.145028883402,12.8522727296577,1.66933353160177,0.00849365089425191,0.573745466974742,0.158670033699477,0.0206090559457009,518,412
82,1050.65889504155,135.503281444115,858.124650014574,120.402042427332,9.62480393927854,270.719297503859,12.8129133541652,1.6524790420014,0.00853128215703691,0.574268620457133,0.156255040904454,0.0201521834390415,516,413
83,1069.93424786006,136.078603247716,861.980172018003,121.095676860114,19.2753528185076,271.581884691831,12.8907740706031,1.63950124394839,9.65054887922906,0.862587187972622,0.155310530971121,0.0197530270355228,512,413
84,1079.58487257218,136.366661970829,865.473412720419,122.067667197519,9.65062471212696,272.445265218546,12.8522008639546,1.62341264250987,-9.62472810638064,0.863380526714309,0.153002391237554,0.0193263409822604,510,420
85,1089.24418023356,136.654987450035,865.831060133728,121.788634938281,9.65930766137899,273.021649420864,12.8146374145125,1.60770573470629,0.00868294925203372,0.576384202318422,0.150760440170735,0.0189141851141917,508,421
86,1098.91220904973,136.943580846247,868.607105966914,123.316878433765,9.66802881617059,273.598568296282,12.7780489424388,1.59236721914241,0.00872115479160129,0.576918875417505,0.148581964446962,0.0185158978970047,506,418
87,1108.58899734305,137.232443324007,873.519195922,123.172539040599,9.67678829331726,274.176024170254,12.7424022683109,1.57738440602307,0.00875947714666836,0.577455873972212,0.146464393888631,0.0181308552416445,504,421
88,1127.96900623864,137.810980200581,877.356573555683,123.863493533019,19.3800088955895,275.043423524588,12.8178296163482,1.5660338659157,9.70322060227227,0.867399354334339,0.145657154731229,0.0177958393854056,500,425.375
89,1137.6723040757,138.100656946792,881.547663338334,124.275709841718,9.70329783706438,275.911637147373,12.7828348772551,1.55169277468305,-9.67671105852514,0.868213622784651,0.143627358171406,0.0174347502773377,498,424
90,1147.38451586085,138.390607469381,889.918627198217,125.099424104367,9.71221178514588,276.491264416172,12.7487168428983,1.53767341632645,0.00891394808149926,0.579627268799641,0.141652409365537,0.0170852601814051,496,426
91,1166.8358370621,138.971334579367,884.661140077169,125.52113540697,19.4513212012525,277.361942048748,12.8223718358473,1.52715752285019,9.73910941610666,0.87067763257528,0.140905185009311,0.0167819508005515,492,421
92,1176.57502467438,139.262113543995,893.738417286671,125.788545923238,9.7391876122756,278.233448123362,12.7888589638519,1.51371862547821,-9.71213358897694,0.87150607461399,0.139009336563608,0.0164534633204153,490,424
93,1196.08065032829,139.844508264019,902.809708476858,126.055786781356,19.5056256539119,279.106621808014,12.8610822615945,1.50370438993569,9.76643804163632,0.873173684651874,0.138291207113919,0.0161688644079106,486,425
94,1205.84716730151,140.13612641947,902.447421445257,126.333215224927,9.76651697322268,279.980634683488,12.8281613542714,1.49080985552627,-9.73910868068924,0.874012875474591,0.136469801641185,0.0158596793141093,484,428
95,1215.62287320002,140.428026711666,909.10561461808,117.827192655094,9.77570589850939,280.564153131135,12.7960302442108,1.47818975485964,0.00918892528670767,0.583518447646838,0.134695055202218,0.0155598921564172,482,428
96,1235.2020110063,141.012678548927,909.696167009329,127.985308186375,19.5791378062818,281.440705260592,12.866687614649,1.46888206821799,9.80343190777239,0.876552129457195,0.134027995985927,0.0153008548772707,478,434
97,1245.00552284579,141.305432525084,918.737986974387,128.251714076121,9.80351183948505,282.318111074011,12.8351084829463,1.45675703634107,-9.77562596679672,0.877405813418591,0.132320706009755,0.0150181137767121,476,435
98,1264.64063317925,141.891802699746,927.774003965199,128.517955622522,19.6351103334659,283.19723522483,12.9044962569312,1.44787553775251,9.83159849398089,0.87912415081928,0.131678533233992,0.0147742401811481,472,437
99,1274.47231236999,142.185421353084,938.149283124173,117.512753241629,9.83167919073458,284.07722405283,12.873457700707,1.43621637730388,-9.80343114273137,0.879988828000251,0.130034926269767,0.0145072361343827,470,439
100,1284.3134615896,142.479330693656,958.992666861031,119.588535325268,9.84114921960736,284.66475204674,12.843134615896,1.42479330693656,0.00947002887278359,0.587527993909589,0.12843134615896,0.0142479330693656,468,441
101,1304.02433293433,143.0680263904,968.518701895124,119.577011770285,19.7108713447342,285.547357084055,12.9111320092508,1.41651511277624,9.86972212512683,0.882605037315443,0.127832990190602,0.0140249021066954,464,445
102,1313.89413679659,143.362815233692,985.51268769428,120.953479129655,9.86980386225969,286.430841624092,12.8813150666332,1.40551779640874,-9.8410674824745,0.883484540036306,0.126287402614051,0.0137795862393014,462,446
103,1333.66268623459,143.95328115866,995.021459980158,120.941746895333,19.7685494379953,287.316096392351,12.9481814197533,1.3976046714433,9.89874557573557,0.885254768259756,0.125710499220905,0.0135689773926534,458,450
104,1348.51458486515,144.396912758154,994.608107824979,121.221403986278,14.8518986305594,288.350193916813,12.9664863929341,1.38843185344378,-4.91665080743587,1.03409752446169,0.124677753778212,0.0133503062831133,455,453
105,1363.38848468015,144.841219511947,1003.28200955846,121.768614413018,14.8738998150029,289.238132270101,12.984652235049,1.37944018582807,0.0220011844435248,0.887938353287609,0.123663354619515,0.0131375255793149,452,455
106,1373.31671025066,145.137801215186,1002.04136244896,122.606312062553,9.92822557051659,289.979020727133,12.9558180212327,1.3692245397659,-4.94567424448633,0.74088845703227,0.122224698313516,0.012917212639301,450,458
107,1383.25481854495,145.434686165663,1006.99185585054,122.46087592795,9.93810829428867,290.572487380849,12.9276151265883,1.35920267444545,0.00988272377207977,0.59346665371595,0.12081883295877,0.012702828733135,448,459
108,1403.16085149749,146.02937092899,1009.04890512438,124.267057445445,19.906032952535,291.464057094653,12.9922301064582,1.35212380489805,9.96792465824637,0.891569713803847,0.12029842691165,0.0125196648601672,444,462
109,1413.12886059872,146.327173312922,1013.16354815008,124.678731926107,9.96800910123602,292.356544241911,12.9644849596213,1.34245113131121,-9.93802385129902,0.892487147258635,0.118940228987352,0.0123160654248735,442,463
110,1423.10692131128,146.625284086312,1018.51327999023,124.25531589978,9.97806071255809,292.952457399233,12.9373356482844,1.33295712805738,0.0100516113220692,0.595913157322002,0.117612142257131,0.0121177920732489,440,466
111,1443.09336799867,147.222435991488,1022.62258201151,124.666976351063,19.9864466873837,293.847720077799,13.0008411531411,1.32632825217556,10.0083859748256,0.895262678565814,0.117124695073344,0.0119489031727528,436,470
112,1453.10183954221,147.521479729292,1035.76448067869,125.344644211043,10.0084715435487,294.743915720779,12.9741235673412,1.31715606901153,-9.97797514383501,0.896195642979819,0.115840388994118,0.0117603220447458,434,471
113,1473.14949402295,148.12050932364,1039.4430335089,126.033535007615,20.0476544807325,295.641989052932,13.0367211860438,1.31080096746584,10.0391829371838,0.898073332152535,0.115369214035786,0.0116000085616446,430,473
114,1483.18876338995,148.420497812923,1041.87111919952,127.553946731824,10.0392693670001,296.541007136563,13.0104277490346,1.30193419134143,-10.0083851137324,0.899018083631745,0.114126559202058,0.0114204753626441,428,475
115,1493.23838536995,148.720803859613,1050.87575881846,127.819300045571,10.0496219799993,297.141301672536,12.9846816119126,1.29322438138794,0.0103526129992133,0.60029453597258,0.112910274886196,0.0112454294033734,426,478
116,1513.36886163291,149.322373940473,1050.87575881846,127.819300045571,20.130476262962,298.043177800086,13.0462832899389,1.28726184431443,10.0808542829627,0.901876127550167,0.112467959396025,0.0110970848647795,422,483
117,1528.49421963237,149.774394997173,1059.87479089585,128.08449469318,15.1253579994618,299.096768937647,13.064053159251,1.28012303416387,-5.00511826350021,1.05359113756049,0.111658574010693,0.0109412225142211,419,485
118,1543.64331490603,150.227144083134,1067.60467278601,129.180013483218,15.1490952736604,300.001539080307,13.0817230076782,1.27311139053504,0.0237372741985382,0.904770142660709,0.110862059387104,0.0107890795808054,416,487
119,1553.75597290815,150.529383516174,1075.74136454474,129.997627989081,10.1126580021155,300.756527599308,13.0567728815811,1.26495280265692,-5.03643727154486,0.75498851900079,0.109720780517488,0.010629855484512,414,489
120,1563.87929169801,150.831949897162,1080.22640407627,130.1298158845,10.1233187898606,301.361333413336,13.0323274308167,1.25693291580969,0.0106607877451097,0.604805814028168,0.108602728590139,0.0104744409650807,412,488.5
121,1584.15809030289,151.438068948512,1078.54691758237,131.234335947617,20.2787986048825,302.270018845674,13.0922156223379,1.25155428883068,10.1554798150219,0.908685432337961,0.108200129110231,0.0103434238746337,408,493
122,1604.48006958091,152.04551217592,1092.4001810335,131.354354505906,20.3219792780201,303.483581124432,13.1514759801714,1.24627468996656,0.0431806731376128,1.21356227875776,0.107798983444028,0.0102153663112013,404,498
123,1614.65736479291,152.349733795003,1101.50305016112,125.536825293041,10.1772952119968,304.395245970923,13.1272956487228,1.23861572191059,-10.1446840660233,0.911664846491021,0.106725980883925,0.0100700465195983,402,500
124,1629.94381721402,152.806695121776,1110.51050475049,125.802258265275,15.286452421115,305.156428916779,13.1447082033389,1.23231205743367,5.10915720911817,0.76118294585558,0.106005711317249,0.00993800046317479,399,501
125,1635.04479337128,152.959183965069,1137.49925299393,126.59760604896,5.10097615725408,305.765879086845,13.0803583469702,1.22367347172055,-10.1854762638609,0.609450170065884,0.104642866775762,0.00978938777376441,398,505
126,1655.476310675,153.569985996347,1155.46403647424,127.127053941679,20.4315173037248,306.529169961416,13.138700878373,1.21880941266942,15.3305411464708,0.763290874571794,0.104275403796611,0.00967309057674146,394,507
127,1665.70871739102,153.875897460485,1170.62878954564,129.319139164623,10.2324067160203,307.445883456833,13.1158166723702,1.21162123984634,-10.1991105877046,0.916713495416388,0.103274147026537,0.00954032472319953,392,509
128,1686.20705794208,154.488748330486,1181.43447625406,128.47476262538,20.4983405510616,308.364645790971,13.1734926401725,1.20694334633192,10.2659338350413,0.918762334138592,0.102917911251348,0.00942924489321814,388,513
129,1701.61033252806,154.949291511951,1196.52141165441,130.663000292415,15.4032745859827,309.438039842437,13.1907777715354,1.20115729854225,-5.0950659650789,1.07339405146558,0.102254091252212,0.00931129688792445,385,515
130,1706.7504112005,155.102979241225,1196.52141165441,130.663000292415,5.14007867243072,310.052270753175,13.1288493169269,1.19309984031711,-10.263195913552,0.61423091073857,0.100991148591745,0.0091776910793624,384,517
131,1727.33915132114,155.718601606099,1222.34025207609,132.004233451253,20.5887401206451,310.821580847324,13.185795048253,1.18869161531373,15.4486614482144,0.769310094148295,0.100654924032466,0.00907398179628804,380,521
132,1737.65065910237,156.026938172998,1233.14921610275,131.162137600365,10.3115077812326,311.745539779097,13.1640201447149,1.18202225888635,-10.2772323394124,0.923958931773313,0.0997274253387496,0.00895471408247233,378,524
133,1758.30818686497,156.64466929946,1249.04208152607,132.791475156845,20.657527762593,312.671607472457,13.2203623072554,1.17777946841699,10.3460199813603,0.926067693360437,0.0994012203553036,0.00885548472493977,374,527
134,1768.65430205586,156.954066764228,1262.85897215389,132.908859156125,10.3461151908982,313.598736063688,13.1989127019094,1.1712990057032,-10.3114125716947,0.927128591230257,0.0984993485217122,0.00874103735599399,372,530
135,1779.01204854299,157.263820775624,1276.67327432759,133.026034389585,10.3577464871241,314.217887539852,13.1778670262444,1.16491719093055,0.0116312962259144,0.619151476164461,0.0976138298240323,0.00862901622911517,370,533
136,1789.38147435776,157.573932799493,1294.42958926662,133.549595979,10.3694258147684,314.837753575117,13.1572167232188,1.1586318588198,0.0116793276442877,0.619866035265204,0.0967442406119029,0.0085193519030868,368,534
137,1810.15555695891,158.195236774824,1294.42958926662,133.549595979,20.7740826011536,315.769169574317,13.2128142843716,1.15470975748047,10.4046567863852,0.931415999199771,0.0964438998859242,0.00842853837576982,364,538
138,1820.56031067409,158.506431684855,1301.32682767385,134.91275462299,10.4047537151791,316.701668459679,13.1924660193775,1.14859733104968,-10.3693288859745,0.932498885361838,0.0955975798505613,0.00832316906557736,362,541
139,1830.97693757648,158.817990524564,1309.19859862357,135.72396548602,10.4166269023867,317.324422209419,13.1724959537876,1.14257547139974,0.0118731872075841,0.622753749740468,0.094766157940918,0.00821996742014204,360,541
140,1841.40548656938,159.129914786858,1318.53938215239,135.709955708923,10.4285489929002,317.947905311423,13.1528963326384,1.13664224847756,0.011922090513508,0.623483102003092,0.0939492595188457,0.00811887320341114,358,548
141,1851.84600673346,159.442205970155,1327.38375919032,135.970785016495,10.4405201640843,318.572120757013,13.1336596222231,1.13079578702237,0.0119711711840864,0.62421544559038,0.0931465221434264,0.00801982827675442,356,547
142,1872.76315779074,160.067895121128,1335.227131458,136.780927782371,20.9171510572805,319.510101091283,13.1884729421883,1.12723869803612,10.4766308931962,0.937980334270151,0.0928765700154107,0.00793830069039518,352,555
143,1883.23988774121,160.38129611345,1338.64905337281,137.460141122868,10.4767299504697,320.449191234578,13.169509704484,1.12154752526888,-10.4404211068108,0.939090143295061,0.09209447345793,0.00784298968719496,350,552
144,1893.72878697946,160.695070076121,1341.08346586904,138.686914851408,10.4888992382535,321.076366189571,13.1508943540241,1.11593798663973,0.0121692877837631,0.62717495499237,0.0913256552362782,0.00774956935166478,348,558
145,1904.22990548825,161.009218535562,1349.89543626202,138.946832685554,10.5011185087883,321.704288611683,13.13262003785,1.11040840369353,0.0122192705348425,0.627922422112078,0.0905697933644829,0.00765798899098986,346,560
146,1925.26900116706,161.638645078944,1357.21855546889,140.027687691739,21.0390956788074,322.647863614506,13.1867739805963,1.10711400739003,10.5379771700191,0.943575002823309,0.0903203697301117,0.00758297265335636,342,562
147,1935.80707922435,161.95392624434,1357.71212663971,139.75409735008,10.5380780572855,323.592571323284,13.1687556409819,1.10172738941728,-10.5010176215219,0.944707708778196,0.0895833717073602,0.00749474414569577,340,567
148,1956.9205493913,162.585632109593,1364.04375450736,141.380306979501,21.1134701669589,324.539558353933,13.2224361445358,1.09855156830806,10.5753921096734,0.946987030648643,0.0893407847603773,0.00742264573181121,336,581
149,1967.49604351149,162.902059925777,1376.72375007339,142.041874487596,10.5754941201849,325.48769203537,13.204671432963,1.09330241560924,-10.537976046774,0.948133681436957,0.0886219559259263,0.00733760010476001,334,575.375
150,1978.08411197892,163.218873085022,1376.23195496973,142.314731925718,10.5880684674275,326.120933010799,13.1872274131928,1.08812582056681,0.012574347242662,0.633240975428862,0.0879148494212852,0.00725417213711207,332,576.8125
151,1999.29817806969,163.853661730337,1386.10739348434,139.437752063688,21.2140660907689,327.072534815359,13.2403852852297,1.08512358761813,10.6259976233414,0.951601804560369,0.0876846707631107,0.00718624892462336,328,590
152,2009.92427923139,164.171640380173,1393.88805655131,140.244533132736,10.6261011617034,328.02530211051,13.2231860475749,1.08007658144851,-10.5879649290655,0.952767295151489,0.0869946450498351,0.00710576698321386,326,581
153,2031.21487808874,164.808774288807,1402.67332624237,140.503701073382,21.2905988573534,328.980414668981,13.2759142358741,1.07718153129939,10.66449769565,0.955112558470091,0.0867706812802231,0.00704040216535552,322,597
154,2041.87948049175,165.127932747669,1416.67772082582,142.933136382936,10.6646024030119,329.936707036477,13.2589576655309,1.07225930355629,-10.6259964543415,0.956292367496189,0.0860971276982524,0.00696272275036555,320,596.125
155,2052.55702167787,165.447487686476,1443.95902457613,143.162646560599,10.6775411861131,330.575420434145,13.2423033656637,1.06740314636436,0.0129387831011627,0.638713397668653,0.0854342152623462,0.00688647191202814,318,594.142857142857
156,2073.95113199265,166.087793471702,1452.19471813277,143.693442068178,21.3941103147777,331.535281158178,13.2945585384144,1.06466534276732,10.7165691286646,0.959860724032296,0.0852215290924,0.00682477783825204,314,606
157,2084.66780741885,166.408547567566,1460.9376629255,143.951423647528,10.7166754262039,332.496341039267,13.278138900757,1.05992705457048,-10.6774348885738,0.961059881089568,0.0845741331258408,0.00675112773611772,312,602.75
158,2106.1406660676,167.051266336452,1464.27844960239,144.625199104342,21.4728586487531,333.459813904018,13.3300042156177,1.05728649580033,10.7561832225492,0.963472864750656,0.0843671152887199,0.00669168668228057,308,612
159,2116.89695680446,167.373234296708,1468.64534540164,144.754061824418,10.7562907368574,334.42450063316,13.3138173383928,1.05266185092269,-10.7165679118957,0.964686729141931,0.0837347002414643,0.00662051478567729,306,614
160,2127.66656050126,167.695610176285,1467.61930403818,145.298458287242,10.7696036967991,335.068844472992,13.2979160031329,1.04809756360178,0.0133129599416861,0.644343839832572,0.0831119750195804,0.00655060977251113,304,603.416666666667
161,2143.84604662332,168.179942476535,1474.81065539281,146.371717553411,16.1794861220651,335.87555265282,13.3158139541821,1.04459591600333,5.40988242526601,0.806708179827865,0.0827069189700754,0.006488173391325,301,623
162,2160.05579311348,168.665201959375,1479.16958228724,146.500357476444,16.2097464901526,336.845144435911,13.3336777352684,1.04114322197145,0.0302603680875109,0.969591783090436,0.0823066526868418,0.00642681001216946,298,625
163,2181.71618021469,169.313666677269,1482.50642222446,147.172219388933,21.6603871012153,337.978868636644,13.3847618418079,1.03873415139429,5.45064061106268,1.13372420073347,0.082115103323975,0.00637260215579318,294,628
164,2192.56680870966,169.638525152071,1481.99779937491,147.443706640944,10.8506284949672,338.95219182934,13.3693098092052,1.03438125092726,-10.8097586062481,0.973323192696171,0.0815201817634466,0.00630720274955649,292,630
165,2203.43113448116,169.963803300497,1489.18101685667,148.514441429002,10.8643257715007,339.602328452569,13.3541280877646,1.03008365636665,0.0136972765335486,0.650136623228491,0.0809341096228158,0.00624293125070697,290,634
166,2219.75342755336,170.452511144121,1491.50598019418,144.853464050322,16.3222930722045,340.416314444618,13.3720085997191,1.02682235628988,5.45796730070379,0.813985992049311,0.0805542686730064,0.00618567684511978,287,637
167,2236.10685408106,170.942172877664,1504.59165448544,145.239632381494,16.3534265276999,341.394684021784,13.389861401683,1.02360582561475,0.0311334554953646,0.978369577166177,0.0801788107885211,0.00612937620128594,284,640
168,2257.96018149174,171.596549080953,1508.42635406094,145.640481114639,21.8533274106717,342.538721958617,13.440239175546,1.02140803024377,5.49990088297182,1.14403793683232,0.0800014236639646,0.00607980970383195,280,644
169,2268.90786938679,171.924381326604,1511.21362794866,146.584998938096,10.9476878950568,343.520930407557,13.4254903514011,1.01730403151837,-10.9056395156149,0.982208448940582,0.0794407713100659,0.0060195504823572,278,647
170,2279.86964943138,172.252645328108,1517.88020034608,152.785152890234,10.961780044584,344.177026654712,13.4109979378316,1.01325085487122,0.0140921495271868,0.656096247155119,0.0788882231637155,0.00596029914630132,276,650
171,2290.84557892281,172.58134283905,1516.39227443809,153.594304670968,10.9759294914347,344.833988167158,13.3967577714784,1.00924761894181,0.0141494468507517,0.656961512445378,0.0783436126987043,0.00590203285930883,274,655
172,2312.84011656481,173.240045438687,1525.04795990913,153.849852103871,21.9945376419955,345.821388277736,13.4467448637489,1.00720956650399,11.0186081505608,0.987400110578619,0.0781787492078423,0.00585586957269763,270,658
173,2323.85884044323,173.570054069767,1528.87848990978,154.247061659989,11.0187238784274,346.810099508454,13.4327100603655,1.00329511022987,-10.9758137635681,0.988711230717172,0.0776457228922862,0.00579939370075067,268,661
174,2345.93948935427,174.231394903842,1536.53568830906,155.041008910275,22.0806489110314,347.801448973608,13.4824108583578,1.0013298557692,11.061925032604,0.991349465154826,0.0774851198756198,0.00575476928602991,264,664
175,2345.93948935427,174.231394903842,1562.8070557092,158.083384850467,0,348.462789807683,13.4053685105958,0.995607970879095,-22.0806489110314,0.661340834074963,0.0766021057748332,0.0056891884050234,264,667
176,2368.07813055658,174.894512463568,1562.8070557092,158.083384850467,22.1386412023153,349.12590736741,13.4549893781624,0.993718820815727,22.1386412023153,0.663117559726288,0.0764488032850136,0.00564612966372572,260,671
177,2390.27523622707,175.559421206406,1560.85825483512,159.156250601468,22.1971056704861,350.453933669974,13.5043798656896,0.991861136759354,0.0584644681707687,1.32802630256401,0.0762959314445743,0.00560373523592855,256,675
178,2401.39586182585,175.89255182154,1568.49940369686,159.94641170169,11.120625598784,351.451973027946,13.4909879877857,0.988160403491798,-11.076480071702,0.998039357972175,0.0757920673471106,0.00555146294096516,254,678
179,2412.53128232376,176.226135707322,1585.70552390052,160.454592125698,11.1354204979048,352.118687528862,13.4778283928701,0.984503551437551,0.0147948991207159,0.666714500915987,0.0752951306864254,0.00550001984043325,252,682
180,2434.84674863011,176.894670660182,1585.70552390052,160.454592125698,22.3154663063569,353.120806367504,13.5269263812784,0.982748170334346,11.1800458084522,1.00211883864222,0.0751495910071023,0.00545971205741303,248,684
181,2446.0269153513,177.229625430778,1597.14131496788,161.638241504066,11.180166721183,354.12429609096,13.5139608582945,0.979169201275017,-11.1352995851739,1.00348972345637,0.0746627671728975,0.00540977459267965,246,688
182,2457.22211879991,177.565040879146,1601.43639802815,161.765108945353,11.1952034486139,354.794666309924,13.5012204329665,0.975632092742561,0.0150367274309247,0.670370218963853,0.0741825298514645,0.0053606158941899,244,692
183,2479.65788040269,178.23726130009,1609.05270086838,162.553419383086,22.4357616027846,355.802302179236,13.5500430623098,0.973974105464972,11.2405581541707,1.0076358693118,0.0740439511601629,0.00532226287139329,240,697
184,2490.89856143898,178.574070037403,1607.125400749,163.621747970914,11.24068103629,356.811331337492,13.5374921817336,0.970511250203275,-11.1950805664947,1.00902915825645,0.0735733270746392,0.00527451766414823,238,699
185,2502.15452496985,178.911346982049,1606.64689475033,163.888634529039,11.2559635308608,357.485417019451,13.5251595944316,0.967088362065129,0.0152824945707835,0.674085681959014,0.0731089707807113,0.00522750465981151,236,702
186,2524.71254804123,179.587313108673,1626.27304980755,127.452139634326,22.558023071384,358.498660090722,13.5737233765657,0.965523188756305,11.3020595405233,1.01324307127015,0.0729770074008911,0.00519098488578659,232,706
187,2536.01473247991,179.926006118061,1635.1103678622,127.71277028451,11.3021844386803,359.513319226733,13.5615761095182,0.962171155711554,-11.2558386327037,1.01465913601169,0.0725217973771028,0.00514530029792275,230,711
188,2547.33244921248,180.265174989701,1643.94301478882,127.973269511925,11.3177167325748,360.191181107761,13.5496406873004,0.958857313775005,0.0155322938944664,0.677861881028093,0.0720725568473428,0.00510030486050534,228,714
189,2570.01473218294,180.944948062473,1661.5944065012,128.493876939303,22.6822829704533,361.210123052174,13.5979615459415,0.957380677579225,11.3645662378785,1.01894194441297,0.0719468864864628,0.00506550623057791,224,718
190,2581.37942538293,181.285556155191,1670.4132067724,128.753986755893,11.3646931999965,362.230504217664,13.5862075020154,0.954134506079953,-11.3175897704568,1.02038116549011,0.0715063552737655,0.00502176055831554,222,720
191,2592.75990480413,181.626647893429,1679.22744688719,129.013968382986,11.3804794211965,362.91220404862,13.5746591874562,0.95092485808078,0.01578622119996,0.681699830955495,0.0710715140704512,0.0049786641784334,220,726
192,2615.56847912902,182.310290179664,1676.5954569057,130.128007850862,22.8085743248876,363.936938073093,13.6227524954636,0.949532761352418,11.4280949036911,1.02473402447322,0.0709518359138731,0.00494548313204384,216,728
193,2626.99670310797,182.65284468496,1632.90433067849,169.424262574579,11.4282239789536,364.963134864624,13.6113818813885,0.946387796295131,-11.3803503459339,1.02619679153122,0.07052529472222,0.00490356371137373,214,733
194,2638.44097146181,182.995890750477,1640.06549287201,170.472470542555,11.4442683538364,365.648735435437,13.6002111931021,0.94327778737359,0.0160443748827674,0.685600570812312,0.0701041814077428,0.00486225663594634,212,737
195,2649.9013494011,183.339430375794,1639.15211172161,171.002650622202,11.4603779392937,366.335321126271,13.5892376892364,0.940202207055354,0.0161095854573432,0.686585690833908,0.0696883984063406,0.00482154977977105,210,739
196,2672.87069624023,184.027998346508,1642.30084395363,174.429509308221,22.9693468391251,367.367428722303,13.6370953889808,0.938918358910757,11.5089688998314,1.03210759603189,0.0695770172907181,0.00479039979036101,206,743
197,2684.37979692795,184.373030733572,1647.00101681242,174.291213663109,11.509100687721,368.401029080081,13.6262933854211,0.935903709307473,-11.4602461514041,1.03360035777814,0.0691690019564521,0.00475078025029174,204,747
198,2707.44718438399,185.064602479825,1655.82863180334,177.043286830498,23.0673874560434,369.437633213397,13.673975678707,0.934669709494064,11.5582867683224,1.03660413331636,0.0690604832257931,0.00472055408835386,200,750
199,2719.00560460678,185.411145932522,1671.9652105729,178.072746232014,11.5584202227838,370.475748412347,13.6633447467677,0.931714301168451,-11.5089672332597,1.03811519894953,0.0686600238531041,0.00468198141290679,198,755
200,2736.37433181801,185.931913876389,1680.4614830319,178.323927238519,17.3687272112356,371.343059808911,13.6818716590901,0.929659569381945,5.81030698845188,0.867311396564219,0.0684093582954503,0.00464829784690972,195,757
201,2742.17223378987,186.105758296538,1680.4614830319,178.323927238519,5.79790197185685,372.037672172927,13.6426479293028,0.925899295007653,-11.5708252393788,0.694612364016393,0.0678738702950389,0.00460646415426693,194,753.666666666667
202,2765.40569893688,186.802418441199,1688.95569930218,178.575053317627,23.2334651470164,372.908176737737,13.6901272224598,0.924764447728709,17.4355631751596,0.87050456481029,0.0677729070418803,0.00457804182043915,190,765
203,2777.04766519081,187.15152165319,1703.34647825943,180.655367149382,11.6419662539229,373.95394009439,13.6800377595606,0.921928678094533,-11.5914988930936,1.04576335665206,0.0673893485692642,0.00454152058174647,188,766.333333333333
204,2788.70654524725,187.501143094652,1711.82885965073,180.906178426389,11.6588800564441,374.652664747842,13.670130123761,0.919123250463978,0.0169138025212305,0.698724653452246,0.0670104417831423,0.00450550612972538,186,759.416666666667
205,2800.38240798268,187.851284879209,1711.82885965073,180.906178426389,11.6758627354338,375.352427973861,13.6604019901594,0.916347731118094,0.0169826789897343,0.699763226019058,0.0666361072690704,0.00446998893228339,184,765
206,2823.78535846783,188.553137977905,1720.30935206683,181.156939691344,23.4029504851433,376.404422857115,13.7076959148924,0.915306495038376,11.7270877497094,1.05199488325388,0.0665422131790892,0.00444323541280765,180,782
207,2835.5125854472,188.904853565248,1727.9292687564,181.933060331768,11.7272269793693,377.457991543153,13.6981284321121,0.91258383364854,-11.6757235057739,1.05356868603849,0.0661745334884641,0.00440861755385768,178,771.111111111111
208,2859.01889319545,189.609873568696,1734.69952256398,183.233638919171,23.5063077482573,378.514727133944,13.7452831403628,0.911585930618731,11.779080768888,1.05673559079059,0.0660830920209748,0.00438262466643621,174,790
209,2870.79811499498,189.96318231406,1742.32325096017,184.008675409908,11.7792217995238,379.573055882756,13.7358761483013,0.908914747914164,-11.7270859487335,1.05832874881253,0.0657218954464179,0.0043488743919338,172,794
210,2882.59480993847,190.317026457121,1748.27936782811,185.83113536349,11.7966949434885,380.280208771182,13.7266419520879,0.90627155455772,0.0174731439647076,0.707152888425298,0.0653649616766092,0.00431557883122724,170,782.583333333333
211,2906.24090467766,191.0263296994,1750.78948673566,184.259061730774,23.6460947391924,381.343356156522,13.7736535766714,0.905338055447395,11.8493997957039,1.06314738534002,0.0652779790363572,0.00429070168458481,166,777
212,2918.09044795635,191.381793204211,1761.38442864719,185.944614435729,11.8495432786885,382.408122903611,13.7645775846998,0.902744307567032,-11.7965514605039,1.06476674708938,0.0649272527580177,0.00425822786588222,164,782
213,2929.95775134871,191.737800918012,1757.57190322572,185.557612186549,11.8673033923615,383.119594122223,13.7556701941254,0.90017746909865,0.0177601136729209,0.711471218612132,0.0645806112400253,0.00422618530093263,162,796.0625
214,2953.74592888137,192.451457890901,1764.36818191435,186.854982774526,23.7881775326587,384.189258808913,13.8025510695391,0.899305877994863,11.9208741402972,1.06966468668998,0.064497902194108,0.00420236391586384,158,790
215,2965.66694901682,192.809111633783,1772.82318483001,187.105077558295,11.9210201354517,385.260569524684,13.7937997628689,0.896786565738527,-11.8671573972069,1.07131071577078,0.0641572081993904,0.00417110030576059,156,793
216,2977.60602126011,193.16731855338,1771.17869158683,188.151199955068,11.9390722432872,385.976430187163,13.7852130613894,0.894293141450831,0.0180521078355014,0.715860662478917,0.0638204308397657,0.00414024602523533,154,798.6
217,2989.56321940918,193.526080916507,1779.62923356681,188.401180191927,11.9571981490708,386.693399469887,13.7767890295354,0.891825257679756,0.0181259057835632,0.716969282723767,0.0634875070485501,0.00410979381419242,152,808.75
218,3013.53229023673,194.245281091094,1783.44518735858,188.787512143954,23.9690708275475,387.771362007601,13.8235426157648,0.891033399500431,12.0118726784767,1.07796253771448,0.0634107459438752,0.00408730917202033,148,807
219,3031.55722751329,194.786156269658,1786.45009335854,189.696162025144,18.0249372765675,389.031437360752,13.8427270662707,0.88943450351442,-5.94413355098004,1.26007535315102,0.0632087993893641,0.00406134476490603,145,811
220,3037.57475839171,194.966730494782,1793.28613271113,190.990049359532,6.01753087841462,389.75288676444,13.8071579926896,0.886212411339916,-12.0074063981529,0.721449403687529,0.0627598090576799,0.00402823823336326,144,821.555555555556
221,3049.6237044361,195.32830443278,1789.46499317223,190.604233150507,12.0489460443932,390.295034927562,13.7992022825163,0.88383848159629,6.03141516597861,0.542148163121965,0.0624398293326529,0.00399926914749452,142,828.25
222,3073.77739930919,196.053162422271,1792.0939419993,191.772492370433,24.1536948730918,391.381466855051,13.8458441410324,0.883122353253474,12.1047488286986,1.08643192748968,0.0623686673019477,0.00397802861825889,138,822
223,3085.88230068637,196.416451161642,1795.91866296489,192.158035351556,12.1049013771735,392.469613583914,13.8380372228088,0.880791260814539,-12.0487934959183,1.08814672886228,0.062053978577618,0.00394973659558089,136,834.571428571429
224,3104.07493601086,196.96246558467,1799.74382919213,192.54349947248,18.1926353244962,393.378916746312,13.8574773929056,0.879296721360134,6.0877339473227,0.909303162398828,0.0618637383611859,0.00392543179178631,133,829
225,3110.14859523854,197.144759928623,1807.39557444832,193.314194356632,6.07365922768076,394.107225513293,13.8228826455046,0.8761989330161,-12.1189760968155,0.728308766980263,0.0614350339800206,0.00389421748007156,132,844.25
226,3134.49072807504,197.875392936459,1810.44506159439,194.220151242719,24.3421328364948,395.020152865082,13.869428000332,0.875554836002032,18.268473608814,0.912927351789222,0.061369150443947,0.00387413644248687,128,855.8
227,3146.69042860546,198.241587017332,1813.50500853439,195.125573176611,12.1997005304192,396.116979953792,13.8620723727113,0.87331095602349,-12.1424323060755,1.09682708870969,0.0610663981176708,0.00384718482829731,126,859.25
228,3158.90932311177,198.608369364132,1821.93478045543,195.375034348448,12.2188945063108,396.849956381464,13.8548654522446,0.871089339316369,0.0191939758915396,0.732976427672838,0.0607669537379149,0.00382056727770337,124,864.125
229,3177.2738261922,199.159651189951,1821.16985086393,195.895182566068,18.3645030804282,397.768020554083,13.874558192979,0.869692799956118,6.14560857411743,0.91806417261887,0.0605875903623538,0.0037977851526468,121,853
230,3189.54105145319,199.52791483374,1825.38382109612,196.019891101646,12.2672252609909,398.687566023691,13.8675697889269,0.867512673190174,-6.09727781943729,0.919545469607783,0.0602937816909865,0.00377179423126162,119,853
231,3207.97842354813,200.081430070396,1828.08228215293,197.184210267038,18.4373720949425,399.609344904135,13.8873524828923,0.866153376928119,6.17014683395155,0.921778880444435,0.0601184090168499,0.00374958171830355,116,882.25
232,3232.63020508692,200.821553588979,1836.50701204977,197.433551063741,24.651781538787,400.902983659375,13.9337508839953,0.865610144780084,6.21440944384449,1.2936387552395,0.060059271051704,0.00373107821025898,112,892
233,3244.98568568723,201.192522312058,1835.75676253054,197.953025548163,12.3554806003085,402.014075901037,13.9269771917907,0.863487220223425,-12.2963009384785,1.11109224166239,0.0597724342995308,0.00370595373486448,110,892.333333333333
234,3257.36100124578,201.564099011838,1835.01206871966,198.472294957543,12.3753155585564,402.756621323896,13.92034615917,0.861385038512129,0.0198349582478841,0.742545422858711,0.0594886587998718,0.00368113264321423,108,894.25
235,3282.17146467257,202.309086413316,1846.53614312626,199.624681556564,24.8104634267856,403.873185425155,13.9666870837131,0.860889729418368,12.4351478682293,1.11656410125852,0.0594327109945236,0.00366336055071646,104,904
236,3294.60677719217,202.682502180023,1946.77336163193,134.81626239564,12.4353125195985,404.991588593339,13.9601982084414,0.858824161779758,-12.3751509071872,1.11840316818461,0.0591533822391584,0.00363908543127016,102,908.555555555556
237,3307.06225397739,203.056536053607,1849.64932400577,200.527308736129,12.4554767852251,405.739038233629,13.9538491729004,0.856778633137581,0.0201642656265903,0.747449640290142,0.0588770007295375,0.00361509971788009,100,912.625
238,3332.03403380701,203.806468381099,1853.4953998801,200.911138073906,24.9717798296151,406.863004434706,14.0001429991891,0.85632969908025,12.51630304439,1.12396620107666,0.0588241302486937,0.00359802394571533,96,920
239,3344.55050453992,204.182371994709,1865.39798131698,201.803183116356,12.5164707329141,407.988840375809,13.993935165439,0.854319548095018,-12.4553090967011,1.12583594110265,0.0585520299809163,0.00357455877864024,94,924
240,3369.64502976055,204.936067111236,1873.45366685296,202.311382193801,25.0945252206284,409.118439105945,14.0401876240023,0.853900279630149,12.5780544877143,1.12959873013642,0.0585007817666762,0.00355791783179229,90,923
241,3394.82223403114,205.692296874907,1877.30251029272,202.694956669035,25.1772042705898,410.628363986143,14.0863993113325,0.853495007779698,0.0826790499613708,1.50992488019801,0.0584497896735789,0.00354147306132655,86,927
242,3407.44205505436,206.071368843531,2029.26791028241,137.251352148544,12.6198210232205,411.763665718438,14.0803390704726,0.851534581998061,-12.5573832473692,1.13530173229492,0.0581832192994734,0.00351873794214075,84,934
243,3420.08280372822,206.451082411671,1880.44220111066,203.596267325855,12.6407486738644,412.522451255201,14.0744148301573,0.84959293173527,0.0209276506438982,0.758785536763298,0.0579194025932399,0.00349626720878712,82,939
244,3445.42743161332,207.212445046615,2059.57820775643,138.146196122703,25.3446278850952,413.663527458285,14.1206042279234,0.849231332158258,12.7038792112307,1.14107620308414,0.0578713288029649,0.00348045627933712,78,939
245,3458.13148563004,207.594099495068,2072.55521725195,138.529336216729,12.7040540167181,414.806544541683,14.1148223903267,0.84732285508191,-12.640573868377,1.14301708339735,0.0576115199605171,0.00345846063298739,76,944
246,3470.85681691347,207.976406306497,2080.43981640531,139.061531413085,12.7253312834328,415.570505801565,14.1091740524938,0.845432545961369,0.0212772667146055,0.763961259881853,0.0573543660670479,0.00343671766650963,74,954
247,3496.37166540296,208.742987922313,2094.1663974184,139.167426490555,25.5148484894889,416.71939422881,14.1553508720768,0.845113311426369,12.7895172060562,1.14888842724531,0.057309112842416,0.00342151138229299,70,959
248,3521.97268948625,209.512211831907,2107.12294516928,139.549998850142,25.6010240832893,418.25519975422,14.2015027801865,0.84480730577382,0.0861755938003625,1.53580552541052,0.0572641241136552,0.00340648107166863,66,954
249,3534.80574183558,209.89782155966,2120.07197816468,139.932362942276,12.833052349335,419.410033391567,14.1960069953236,0.842963138793815,-12.7679717339543,1.15483363734666,0.0570120762864403,0.00338539413170207,64,958
250,3547.66060828212,210.284100182623,2137.32581465695,140.441862112867,12.8548664465425,420.181921742283,14.1906424331285,0.841136400730493,0.0218140972074252,0.771888350715926,0.056762569732514,0.00336454560292197,62,968
251,3573.4361477091,211.058675333977,2145.94784409275,140.696476394027,25.7755394269752,421.3427755166,14.2367974012315,0.840871216470028,12.9206729804328,1.16085377431727,0.0567203083714401,0.00335008452776904,58,968
252,3599.30004057208,211.835959860402,2163.18225229126,141.205438062907,25.8638928629771,422.894635194379,14.2829366689368,0.840618888334927,0.088353436001853,1.55185967777834,0.0566783201148286,0.00333578923942431,54,972
253,3612.26535044821,212.22562525322,2171.79468172335,141.459786933541,12.9653098761364,424.061585113621,14.2777286578981,0.838836463451461,-12.8985829868407,1.1669499192426,0.0564337101102691,0.00331555914407692,52,977
254,3625.2530266503,212.615976554004,2189.01011765619,141.968224447047,12.9876762020904,424.841601807223,14.2726497112217,0.83707077383466,0.0223663259539535,0.780016693602192,0.0561915342961483,0.00329555422769551,50,986.090909090909
255,3638.26316275514,213.007016646241,2197.61317461123,142.222314566919,13.0101361048355,425.622993200244,14.2676986774711,0.835321633906826,0.0224599027451404,0.78139139302084,0.0559517595194947,0.0032757711133601,48,989.541666666667
256,3664.35119121873,213.791174808905,2206.21315780286,142.476319911928,26.0880284635869,426.798191455146,14.3138718406981,0.835121776597285,13.0778923587513,1.17519825490126,0.0559135618777271,0.00326219443983315,44,988
257,3690.53019344757,214.578123089894,2223.40400341974,142.984079220793,26.1790022288387,428.369297898799,14.3600396632201,0.834934331089081,0.0909737652518743,1.57110644365321,0.0558756407129187,0.00324877171629993,40,1012
258,3703.65404846817,214.972650883409,2231.99491602102,143.237834654014,13.1238550206035,429.550773973303,14.3552482498766,0.83322732900546,-13.0551472082352,1.18147607450373,0.055640497092545,0.00322956329071884,38,1006
259,3723.38304407225,215.565767984102,2240.58285521154,143.491508251115,19.728995604084,430.53841886751,14.3759963091593,0.832300262486878,6.60514058348053,0.987644894207733,0.0555057772554412,0.00321351452697636,35,1021
260,3743.16418619283,216.160484543063,2257.74991334095,143.998612865509,19.7811421205752,431.726252527164,14.3967853315109,0.83138647901178,0.0521465164911206,1.18783365965419,0.0553722512750418,0.00319764030389146,32,1012.77777777778
261,3756.38074710901,216.557855848469,2266.32908218724,144.252045344807,13.2165609161784,432.718340391531,14.3922633988851,0.829723585626316,-6.56458120439675,0.992087864367022,0.0551427716432379,0.00317901756944949,30,1017.53333333333
262,3776.24953318644,217.155260773767,2279.19245523924,144.632046331359,19.8687860774371,433.713116622236,14.4131661572002,0.828836873182317,6.65222516125868,0.994776230704247,0.0550120845694663,0.00316349951596304,27,1018.63636363636
